epoch,train_loss,eval_loss,eval_top1,eval_event_AP
0,0.4777859247510908,1.2778178301744454,29.486147833084264,0.0968026155057119
1,0.4588578157475841,1.0687874700710929,58.294056788136565,0.09445384354270736
2,0.4546402833667058,0.9535672654501528,58.11012760087366,0.14312821939598322
