epoch,train_loss,eval_loss,eval_top1
0,1.2109214431709714,0.9861924913194444,45.833333333333336
1,1.0772081116835277,0.8293863932291666,65.27777777777777
2,1.0421144631173875,0.8910183376736112,65.27777777777777
