epoch,train_loss,eval_loss,eval_top1
0,0.5206032164532913,1.2883702115993936,51.28175652373836
