epoch,train_loss,eval_loss,eval_top1
0,0.5206032164532913,1.2883702115993936,51.28175652373836
1,0.46289470458505255,1.065769649426243,58.294056788136565
2,0.45323661249794706,0.9241464143238447,55.62708357282446
