epoch,train_loss,eval_loss,eval_top1
0,1.0081357039773666,0.90436234448419,57.91470283940683
epoch,train_loss,eval_loss,eval_top1
0,1.024472094550962,0.9461077211752529,55.983446373146336
